{"cameraMode":{"drawMode":0,"name":"Shaded","section":"Shading Mode"},"sceneLighting":false,"audioPlay":false,"sceneViewState":{"m_AlwaysRefresh":false,"showFog":true,"showSkybox":false,"showFlares":true,"showImageEffects":true,"showParticleSystems":true,"showVisualEffectGraphs":true,"m_FxEnabled":true},"in2DMode":false,"pivot":{"x":129.2724151611328,"y":2.8268332481384279,"z":19.782163619995118},"rotation":{"x":0.11960233747959137,"y":-0.8213739991188049,"z":0.18696379661560059,"w":0.5254409909248352},"size":1.4277633428573609,"orthographic":false}