{"cameraMode":{"drawMode":0,"name":"Shaded","section":"Shading Mode"},"sceneLighting":true,"audioPlay":false,"sceneViewState":{"m_AlwaysRefresh":false,"showFog":true,"showSkybox":true,"showFlares":true,"showImageEffects":true,"showParticleSystems":true,"showVisualEffectGraphs":true,"m_FxEnabled":true},"in2DMode":false,"pivot":{"x":133.163818359375,"y":6.2457756996154789,"z":20.017480850219728},"rotation":{"x":-0.007127745542675257,"y":-0.9972919821739197,"z":0.03801507130265236,"w":-0.05233655869960785},"size":5.038200378417969,"orthographic":false}