{"cameraMode":{"drawMode":0,"name":"Shaded","section":"Shading Mode"},"sceneLighting":true,"audioPlay":false,"sceneViewState":{"m_AlwaysRefresh":false,"showFog":true,"showSkybox":true,"showFlares":true,"showImageEffects":true,"showParticleSystems":true,"showVisualEffectGraphs":true,"m_FxEnabled":true},"in2DMode":false,"pivot":{"x":129.99349975585938,"y":5.085520267486572,"z":37.374237060546878},"rotation":{"x":0.00638364115729928,"y":0.9989110231399536,"z":-0.032274339348077777,"w":0.011486940085887909},"size":0.7675777673721314,"orthographic":false}