{"cameraMode":{"drawMode":0,"name":"Shaded","section":"Shading Mode"},"sceneLighting":true,"audioPlay":false,"sceneViewState":{"m_AlwaysRefresh":false,"showFog":true,"showSkybox":true,"showFlares":true,"showImageEffects":true,"showParticleSystems":true,"showVisualEffectGraphs":true,"m_FxEnabled":true},"in2DMode":false,"pivot":{"x":2.108741521835327,"y":-1.8295427560806275,"z":-167.8759307861328},"rotation":{"x":0.061768971383571628,"y":0.004925418645143509,"z":-0.00024088523059617728,"w":0.9980454444885254},"size":14.48805046081543,"orthographic":false}