{"cameraMode":{"drawMode":0,"name":"Shaded","section":"Shading Mode"},"sceneLighting":true,"audioPlay":false,"sceneViewState":{"m_AlwaysRefresh":false,"showFog":true,"showSkybox":true,"showFlares":true,"showImageEffects":true,"showParticleSystems":true,"showVisualEffectGraphs":true,"m_FxEnabled":true},"in2DMode":false,"pivot":{"x":130.68594360351563,"y":-9.059211730957032,"z":64.9603500366211},"rotation":{"x":0.16211488842964173,"y":0.009593138471245766,"z":0.004304840695112944,"w":0.9862549901008606},"size":19.302934646606447,"orthographic":false}