{"cameraMode":{"drawMode":0,"name":"Shaded","section":"Shading Mode"},"sceneLighting":true,"audioPlay":false,"sceneViewState":{"m_AlwaysRefresh":false,"showFog":true,"showSkybox":true,"showFlares":true,"showImageEffects":true,"showParticleSystems":true,"showVisualEffectGraphs":true,"m_FxEnabled":true},"in2DMode":false,"pivot":{"x":-0.6390160322189331,"y":3.789214611053467,"z":-20.043752670288087},"rotation":{"x":0.002115461742505431,"y":-0.9893726706504822,"z":0.1443052440881729,"w":0.021460846066474916},"size":2.6273276805877687,"orthographic":false}