{"cameraMode":{"drawMode":0,"name":"Shaded","section":"Shading Mode"},"sceneLighting":true,"audioPlay":false,"sceneViewState":{"m_AlwaysRefresh":false,"showFog":true,"showSkybox":true,"showFlares":true,"showImageEffects":true,"showParticleSystems":true,"showVisualEffectGraphs":true,"m_FxEnabled":true},"in2DMode":false,"pivot":{"x":-1.5813301801681519,"y":11.105169296264649,"z":-26.326719284057618},"rotation":{"x":-0.29310330748558047,"y":0.05515115335583687,"z":-0.016758795827627183,"w":-0.9540203809738159},"size":2.971073627471924,"orthographic":false}