{"cameraMode":{"drawMode":0,"name":"Shaded","section":"Shading Mode"},"sceneLighting":true,"audioPlay":false,"sceneViewState":{"m_AlwaysRefresh":false,"showFog":true,"showSkybox":true,"showFlares":true,"showImageEffects":true,"showParticleSystems":true,"showVisualEffectGraphs":true,"m_FxEnabled":true},"in2DMode":false,"pivot":{"x":1.7407993078231812,"y":-8.402571678161621,"z":20.60738754272461},"rotation":{"x":0.20502829551696778,"y":0.024871576577425004,"z":-0.005213993135839701,"w":0.9784352779388428},"size":39.127620697021487,"orthographic":false}