{"cameraMode":{"drawMode":0,"name":"Shaded","section":"Shading Mode"},"sceneLighting":true,"audioPlay":false,"sceneViewState":{"m_AlwaysRefresh":false,"showFog":true,"showSkybox":true,"showFlares":true,"showImageEffects":true,"showParticleSystems":true,"showVisualEffectGraphs":true,"m_FxEnabled":true},"in2DMode":false,"pivot":{"x":33.30622863769531,"y":77.5973892211914,"z":-103.54509735107422},"rotation":{"x":0.13070450723171235,"y":0.8596289753913879,"z":-0.26942792534828188,"w":0.41443559527397158},"size":1.2761855125427247,"orthographic":false}