{"cameraMode":{"drawMode":0,"name":"Shaded","section":"Shading Mode"},"sceneLighting":true,"audioPlay":false,"sceneViewState":{"m_AlwaysRefresh":false,"showFog":true,"showSkybox":true,"showFlares":true,"showImageEffects":true,"showParticleSystems":true,"showVisualEffectGraphs":true,"m_FxEnabled":true},"in2DMode":false,"pivot":{"x":15.292821884155274,"y":5.1975884437561039,"z":16.645713806152345},"rotation":{"x":0.2307945191860199,"y":0.4101101756095886,"z":-0.11670056730508805,"w":0.8746001124382019},"size":20.20755386352539,"orthographic":false}