{"cameraMode":{"drawMode":0,"name":"Shaded","section":"Shading Mode"},"sceneLighting":true,"audioPlay":false,"sceneViewState":{"m_AlwaysRefresh":false,"showFog":true,"showSkybox":true,"showFlares":true,"showImageEffects":true,"showParticleSystems":true,"showVisualEffectGraphs":true,"m_FxEnabled":true},"in2DMode":false,"pivot":{"x":136.0431365966797,"y":14.642290115356446,"z":26.240877151489259},"rotation":{"x":-0.034404050558805469,"y":0.9635294079780579,"z":-0.21704213321208955,"w":-0.15272626280784608},"size":10.032404899597168,"orthographic":true}