{"cameraMode":{"drawMode":0,"name":"Shaded","section":"Shading Mode"},"sceneLighting":false,"audioPlay":false,"sceneViewState":{"m_AlwaysRefresh":false,"showFog":false,"showSkybox":false,"showFlares":false,"showImageEffects":false,"showParticleSystems":false,"showVisualEffectGraphs":true,"m_FxEnabled":true},"in2DMode":false,"pivot":{"x":1.8290458917617798,"y":0.9748759269714356,"z":-0.5374667644500732},"rotation":{"x":-0.023958805948495866,"y":0.9680392742156982,"z":-0.22799767553806306,"w":-0.10172495990991593},"size":1.283559799194336,"orthographic":false}