{"cameraMode":{"drawMode":0,"name":"Shaded","section":"Shading Mode"},"sceneLighting":false,"audioPlay":false,"sceneViewState":{"m_AlwaysRefresh":false,"showFog":true,"showSkybox":false,"showFlares":true,"showImageEffects":true,"showParticleSystems":true,"showVisualEffectGraphs":true,"m_FxEnabled":true},"in2DMode":false,"pivot":{"x":9.370640754699707,"y":7.0154852867126469,"z":-38.368770599365237},"rotation":{"x":-0.31694096326828005,"y":0.26246365904808047,"z":-0.09831549227237702,"w":-0.9055569171905518},"size":1.1097097396850587,"orthographic":false}