{"cameraMode":{"drawMode":0,"name":"Shaded","section":"Shading Mode"},"sceneLighting":false,"audioPlay":false,"sceneViewState":{"m_AlwaysRefresh":false,"showFog":true,"showSkybox":false,"showFlares":true,"showImageEffects":true,"showParticleSystems":true,"showVisualEffectGraphs":true,"m_FxEnabled":true},"in2DMode":false,"pivot":{"x":131.56300354003907,"y":4.860672950744629,"z":-31.373029708862306},"rotation":{"x":0.029892297461628915,"y":0.9752786159515381,"z":-0.09368474036455155,"w":0.1979590803384781},"size":13.637757301330567,"orthographic":false}